id;address;date_of_birth;phone
1;dot-com Ergonomic client-server;2022-05-08T07:54:27;(349) 608-2435 x2557
2;Granite;2022-05-09T00:12:59;1-319-670-5115
3;Islands services;2022-05-08T22:59:06;205.205.9298
4;Rubber;2022-05-08T16:48:55;762.948.8564
5;Direct Sleek payment;2022-05-08T06:28:19;663.907.3414 x11292
6;Exclusive Metal Developer;2022-05-08T17:53:14;(562) 775-7862 x0492
7;Wyoming;2022-05-08T04:45:54;980.682.6256
8;support logistical real-time;2022-05-08T19:10:49;655-235-1445
9;Senior navigating;2022-05-09T01:01:16;(216) 877-9613 x023
10;FTP;2022-05-08T19:07:39;1-208-792-3789
